"","date","S133_NITRATE+NITRITE-N_mg/L","days"
"1",1973-04-09,0.046,9
"2",1973-04-16,0.009,16
"3",1973-04-23,0.035,23
"4",1973-04-30,0.078,29
"5",1973-05-07,0.022,36
"6",1973-05-14,0.029,43
"7",1973-05-21,0.012,50
"8",1973-05-29,NA,58
"9",1973-06-04,0.017,64
"10",1973-06-11,0.013,71
"11",1973-06-18,NA,78
"12",1973-06-25,0.06,85
"13",1973-07-02,NA,92
"14",1973-07-09,0.287,99
"15",1973-07-16,0.119,106
"16",1973-07-23,0.09,113
"17",1973-07-30,0.297,120
"18",1973-08-06,NA,127
"19",1973-08-13,NA,134
"20",1973-08-20,0.046,141
"21",1973-08-27,0.039,148
"22",1973-09-04,0.154,156
"23",1973-09-10,0.12,162
"24",1973-09-17,0.083,169
"25",1973-09-24,0.037,176
"26",1973-10-01,0.033,183
"27",1973-10-08,0.068,190
"28",1973-10-15,0.236,197
"29",1973-10-23,0.312,205
"30",1973-10-29,0.168,212
"31",1973-11-13,0.15,227
"32",1973-11-26,0.082,240
"33",1973-12-11,0.06,255
"34",1973-12-17,0.083,261
"35",1974-01-29,0.03,303
"36",1974-03-19,0.04,352
"37",1979-05-14,0.064,2234
"38",1979-05-29,0.058,2249
"39",1979-06-11,0.021,2262
"40",1979-06-25,NA,2276
"41",1979-07-09,NA,2290
"42",1979-07-23,0.035,2304
"43",1979-08-06,0.062,2318
"44",1979-08-20,NA,2332
"45",1979-09-05,0.061,2348
"46",1979-09-18,0.13,2361
"47",1979-10-01,NA,2374
"48",1979-10-15,0.16,2388
"49",1979-10-29,0.49,2403
"50",1979-11-13,0.474666666666667,2418
"51",1979-11-27,0.418,2432
"52",1979-12-11,0.267,2446
"53",1979-12-27,0.211,2462
"54",1980-01-08,0.341,2474
"55",1980-01-22,0.086,2488
"56",1980-02-05,0.13,2502
"57",1980-02-19,0.287,2516
"58",1980-03-04,0.104,2530
"59",1980-04-02,0.014,2559
"60",1980-04-16,0.01,2573
"61",1980-04-30,NA,2586
"62",1980-05-13,NA,2599
"63",1980-05-28,NA,2614
"64",1980-06-09,0.005,2626
"65",1980-06-25,NA,2642
"66",1980-07-08,0.01,2655
"67",1980-07-24,NA,2671
"68",1980-08-04,NA,2682
"69",1980-08-20,0.009,2698
"70",1980-09-17,0.06,2726
"71",1980-10-01,NA,2740
"72",1980-10-14,0.018,2753
"73",1980-10-29,0.005,2769
"74",1980-11-12,0.04,2783
"75",1980-12-02,0.11,2803
"76",1980-12-31,0.21,2832
"77",1981-01-14,0.201333333333333,2846
"78",1981-01-27,0.011,2859
"79",1981-02-11,0.004,2874
"80",1981-02-24,0.057,2887
"81",1981-03-11,0.04,2902
"82",1981-03-24,0.01,2915
"83",1981-04-08,0.011,2930
"84",1981-04-21,NA,2943
"85",1981-05-06,NA,2957
"86",1981-05-19,0.005,2970
"87",1981-06-02,NA,2984
"88",1981-06-17,NA,2999
"89",1981-06-30,NA,3012
"90",1981-07-16,NA,3028
"91",1981-07-28,0.01,3040
"92",1981-08-12,NA,3055
"93",1981-08-25,0.012,3068
"94",1981-09-10,0.035,3084
"95",1981-09-23,0.146333333333333,3097
"96",1981-10-06,0.033,3110
"97",1981-10-20,0.013,3124
"98",1981-11-04,0.008,3140
"99",1981-12-02,0.00766666666666667,3168
"100",1981-12-29,NA,3195
"101",1982-02-24,0.01,3252
"102",1982-05-04,0.037,3320
"103",1982-07-01,NA,3378
"104",1982-07-12,0.042,3389
"105",1982-07-27,0.006,3404
"106",1982-08-09,0.022,3417
"107",1982-08-25,0.005,3433
"108",1982-09-09,0.6,3448
"109",1982-09-21,0.021,3460
"110",1982-10-05,0.092,3474
"111",1982-10-20,0.099,3489
"112",1982-11-01,0.141,3502
"113",1982-11-22,0.203,3523
"114",1982-12-06,0.105,3537
"115",1982-12-22,0.155,3553
"116",1983-01-04,0.054,3566
"117",1983-02-01,0.05,3594
"118",1983-02-17,0.221,3610
"119",1983-03-02,0.196,3623
"120",1983-03-15,0.258,3636
"121",1983-03-29,0.441,3650
"122",1983-04-15,0.057,3667
"123",1983-04-26,0.036,3677
"124",1983-06-07,0.004,3719
"125",1983-08-02,0.053,3775
"126",1983-08-16,0.027,3789
"127",1983-08-30,NA,3803
"128",1983-09-12,NA,3816
"129",1983-09-27,0.25,3831
"130",1983-10-10,0.118,3844
"131",1983-10-25,0.153,3859
"132",1983-11-08,0.457,3874
"133",1983-11-21,0.629,3887
"134",1983-12-05,0.719,3901
"135",1983-12-20,0.977,3916
"136",1984-01-04,0.6,3931
"137",1984-01-17,0.738,3944
"138",1984-01-31,0.328,3958
"139",1984-02-14,0.224,3972
"140",1984-02-29,0.934,3987
"141",1984-03-13,0.287,4000
"142",1984-03-27,0.124,4014
"143",1984-04-09,0.273,4027
"144",1984-06-04,NA,4082
"145",1984-06-19,0.109,4097
"146",1984-07-31,0.623,4139
"147",1984-08-27,0.016,4166
"148",1984-09-25,0.072,4195
"149",1984-10-09,0.05,4209
"150",1984-11-06,0.023,4238
"151",1984-12-04,0.187,4266
"152",1984-12-18,0.181,4280
"153",1985-01-03,0.039,4296
"154",1985-02-26,NA,4350
"155",1985-03-26,0.076,4378
"156",1985-04-23,0.027,4406
"157",1985-05-06,0.023,4418
"158",1985-06-19,NA,4462
"159",1985-07-30,0.042,4503
"160",1985-09-24,0.362,4559
"161",1985-10-08,0.216,4573
"162",1985-10-22,0.162,4587
"163",1985-11-05,0.139,4602
"164",1985-12-03,0.048,4630
"165",1986-01-14,0.076,4672
"166",1986-02-12,0.025,4701
"167",1986-02-25,NA,4714
"168",1986-03-11,0.009,4728
"169",1986-04-08,NA,4756
"170",1986-05-06,NA,4783
"171",1986-06-17,NA,4825
"172",1986-07-29,0.036,4867
"173",1986-08-14,0.126,4883
"174",1986-08-26,0.102,4895
"175",1986-09-09,0.029,4909
"176",1986-10-07,0.01,4937
"177",1986-10-21,0.097,4951
"178",1986-11-04,0.096,4966
"179",1986-11-18,0.015,4980
"180",1986-12-03,0.044,4995
"181",1986-12-18,0.087,5010
"182",1987-01-07,4.046,5030
"183",1987-01-22,0.096,5045
"184",1987-02-03,0.031,5057
"185",1987-03-17,0.008,5099
"186",1987-03-31,0.306,5113
"187",1987-04-28,NA,5140
"188",1987-05-11,0.007,5153
"189",1987-06-24,0.004,5197
"190",1987-07-08,0.011,5211
"191",1987-07-21,0.027,5224
"192",1987-08-04,0.046,5238
"193",1987-09-29,0.008,5294
"194",1987-10-13,0.183,5308
"195",1987-11-10,0.61,5337
"196",1987-11-24,0.277,5351
"197",1987-12-08,0.181,5365
"198",1988-01-05,0.168,5393
"199",1988-02-02,0.093,5421
"200",1988-02-16,0.897,5435
"201",1988-03-01,0.021,5449
"202",1988-03-29,0.079,5477
"203",1988-04-12,0.005,5490
"204",1988-04-26,0.004,5504
"205",1988-05-24,0.033,5532
"206",1988-06-21,0.02,5560
"207",1988-07-06,0.012,5575
"208",1988-08-02,1.572,5602
"209",1988-08-16,0.323,5616
"210",1988-08-30,0.168,5630
"211",1988-09-13,0.16,5644
"212",1988-10-11,0.023,5672
"213",1988-11-08,0.022,5701
"214",1988-12-06,NA,5729
"215",1989-01-18,0.01,5772
"216",1989-02-28,0.043,5813
"217",1989-03-28,0.01,5841
"218",1989-04-26,0.011,5869
"219",1989-05-23,0.096,5896
"220",1989-06-06,0.031,5910
"221",1989-07-19,0.089,5953
"222",1989-08-30,0.066,5995
"223",1989-09-28,0.072,6024
"224",1989-10-24,0.111,6050
"225",1989-11-08,0.237,6066
"226",1989-12-18,0.366,6106
"227",1990-01-02,0.462,6121
"228",1990-02-28,0.81,6178
"229",1990-03-12,0.217,6190
"230",1990-04-24,0.009,6232
"231",1990-05-23,0.006,6261
"232",1990-06-20,0.015,6289
"233",1990-07-31,0.005,6330
"234",1990-08-29,0.021,6359
"235",1990-09-26,0.044,6387
"236",1990-10-09,0.055,6400
"237",1990-11-20,0.106,6443
"238",1990-12-04,0.081,6457
"239",1991-01-29,0.08,6513
"240",1991-02-12,0.037,6527
"241",1991-03-25,0.007,6568
"242",1991-04-23,0.009,6596
"243",1991-05-22,0.082,6625
"244",1991-06-17,0.018,6651
"245",1991-07-29,0.042,6693
"246",1991-08-28,0.084,6723
"247",1991-09-25,0.041,6751
"248",1991-10-08,0.094,6764
"249",1991-11-06,0.263,6794
"250",1991-11-20,0.526,6808
"251",1991-12-04,0.027,6822
"252",1991-12-17,0.045,6835
"253",1992-01-14,0.045,6863
"254",1992-02-10,0.1,6890
"255",1992-02-27,0.056,6907
"256",1992-03-09,0.092,6918
"257",1992-03-25,0.072,6934
"258",1992-04-21,0.019,6960
"259",1992-05-18,0.023,6987
"260",1992-06-15,0.01,7015
"261",1992-07-01,0.14,7031
"262",1992-07-13,0.022,7043
"263",1992-08-31,0.171,7092
"264",1992-09-23,0.007,7115
"265",1992-10-20,0.0891666666666667,7142
"266",1992-12-14,0.064,7198
"267",1993-01-28,0.463,7243
"268",1993-02-24,0.292,7270
"269",1993-03-25,0.146,7299
"270",1993-04-05,0.059,7309
"271",1993-04-21,0.0696666666666667,7325
"272",1993-05-18,0.01075,7352
"273",1993-06-15,0.01,7380
"274",1993-06-26,NA,7391
"275",1993-08-25,0.0195,7451
"276",1993-09-21,0.025,7478
"277",1993-10-20,0.12375,7507
"278",1993-11-18,0.019,7537
"279",1993-12-15,0.04275,7564
"280",1994-02-16,0.063,7627
"281",1994-03-28,0.0025,7667
"282",1994-04-26,0.023,7695
"283",1994-05-18,0.01,7717
"284",1994-07-20,NA,7780
"285",1994-08-15,0.034,7806
"286",1994-09-12,0.017,7834
"287",1994-10-10,0.034,7862
"288",1994-11-07,0.0355,7891
"289",1994-12-05,0.066,7919
"290",1995-01-03,0.1146,7948
"291",1995-01-31,0.1305,7976
"292",1995-02-27,0.065,8003
"293",1995-03-28,0.0305,8032
"294",1995-04-24,0.0074,8058
"295",1995-05-22,0.01,8086
"296",1995-06-19,0.0126,8114
"297",1995-07-05,0.005,8130
"298",1995-07-17,0.014,8142
"299",1995-08-14,0.0336,8170
"300",1995-08-29,0.0495,8185
"301",1995-09-11,0.172,8198
"302",1995-09-26,0.0162,8213
"303",1995-10-09,0.101,8226
"304",1995-11-06,0.0792,8255
"305",1995-12-04,0.21,8283
"306",1996-01-02,0.1102,8312
"307",1996-01-29,0.037,8339
"308",1996-02-26,0.0308,8367
"309",1996-03-25,0.0498,8395
"310",1996-04-08,NA,8408
"311",1996-04-22,0.0214,8422
"312",1996-05-20,NA,8450
"313",1996-06-18,NA,8479
"314",1996-07-15,0.0685,8506
"315",1996-08-14,NA,8536
"316",1996-09-09,NA,8562
"317",1996-10-07,0.0245,8590
"318",1996-11-04,0.0154,8619
"319",1996-12-02,NA,8647
"320",1996-12-30,0.0158,8675
"321",1997-01-27,0.0054,8703
"322",1997-02-24,0.0056,8731
"323",1997-03-24,NA,8759
"324",1997-04-21,0.0098,8786
"325",1997-05-19,0.035,8814
"326",1997-06-16,0.0056,8842
"327",1997-07-14,0.0132,8870
"328",1997-08-25,0.0092,8912
"329",1997-09-22,0.0206,8940
"330",1997-10-06,0.0212,8954
"331",1997-11-17,0.0274,8997
"332",1997-12-01,0.0266,9011
"333",1998-01-05,0.1298,9046
"334",1998-02-17,0.1454,9089
"335",1998-03-02,0.0745,9102
"336",1998-03-16,0.0934,9116
"337",1998-04-20,0.0294,9150
"338",1998-05-18,0.0124,9178
"339",1998-06-15,0.009,9206
"340",1998-07-27,0.0032,9248
"341",1998-08-10,0.0102,9262
"342",1998-08-24,0.0176,9276
"343",1998-09-21,0.0108,9304
"344",1998-10-19,0.0306,9332
"345",1998-11-16,0.0304,9361
"346",1998-12-28,0.0508,9403
"347",1999-01-25,0.0118,9431
"348",1999-02-22,0.0016,9459
"349",1999-03-22,0.0066,9487
"350",1999-04-19,0.0066,9514
"351",1999-05-17,0.001,9542
"352",1999-06-21,0.0112,9577
"353",1999-07-26,0.0155,9612
"354",1999-08-23,0.0148,9640
"355",1999-09-20,0.0578,9668
"356",1999-10-18,0.1126,9696
"357",1999-11-15,0.157,9725
"358",1999-12-27,0.1688,9767
"359",2000-01-24,0.187,9795
"360",2000-02-22,0.1562,9824
"361",2000-03-20,0.1102,9851
"362",2000-04-17,0.0088,9878
"363",2000-05-15,NA,9906
"364",2000-06-26,0.0074,9948
"365",2000-07-24,0.0086,9976
"366",2000-08-21,0.0066,10004
"367",2000-09-18,0.0096,10032
"368",2000-10-16,0.0296,10060
"369",2000-10-30,NA,10075
"370",2000-11-13,0.019,10089
"371",2000-12-18,0.085,10124
"372",2001-01-22,0.0176,10159
"373",2001-02-20,0.024,10188
"374",2001-03-19,0.0092,10215
"375",2001-04-16,NA,10242
"376",2001-05-14,NA,10270
"377",2001-06-18,NA,10305
"378",2001-07-16,0.053,10333
"379",2001-08-13,NA,10361
"380",2001-09-10,0.0272,10389
"381",2001-10-08,0.0268,10417
"382",2001-10-22,0.0152,10431
"383",2001-11-05,0.0562,10446
"384",2001-12-03,0.0706,10474
"385",2002-01-22,0.04,10524
"386",2002-02-19,0.0422,10552
"387",2002-03-18,NA,10579
"388",2002-04-15,NA,10606
"389",2002-05-13,0.0163333333333333,10634
"390",2002-06-24,NA,10676
"391",2002-07-22,0.058,10704
"392",2002-08-19,0.074,10732
"393",2002-09-16,0.038,10760
"394",2002-10-28,0.011,10803
"395",2002-11-25,0.084,10831
"396",2002-12-30,0.209,10866
"397",2003-01-27,0.132,10894
"398",2003-02-24,0.044,10922
"399",2003-03-24,0.049,10950
"400",2003-04-21,0.017,10977
"401",2003-05-19,0.013,11005
"402",2003-06-16,NA,11033
"403",2003-07-21,0.004,11068
"404",2003-08-04,0.012,11082
"405",2003-08-18,0.102,11096
"406",2003-09-02,0.05,11111
"407",2003-09-15,0.051,11124
"408",2003-11-17,0.143,11188
"409",2003-12-15,0.093,11216
"410",2004-01-20,0.107,11252
"411",2004-02-17,0.035,11280
"412",2004-03-15,0.014,11307
"413",2004-04-19,NA,11341
"414",2004-05-17,0.033,11369
"415",2004-06-21,0.017,11404
"416",2004-07-26,NA,11439
"417",2004-08-23,0.004,11467
"418",2004-09-13,0.006,11488
"419",2004-10-04,0.006,11509
"420",2004-10-18,0.109,11523
"421",2004-11-01,0.17,11538
"422",2004-11-15,0.0805,11552
"423",2004-12-20,0.365,11587
"424",2005-01-03,0.567,11601
"425",2005-01-18,0.274,11616
"426",2005-02-14,0.389,11643
"427",2005-03-14,0.254,11671
"428",2005-04-18,0.033,11705
"429",2005-05-16,0.056,11733
"430",2005-06-27,0.154,11775
"431",2005-07-25,0.027,11803
"432",2005-08-08,0.014,11817
"433",2005-08-22,0.015,11831
"434",2005-09-06,0.015,11846
"435",2005-09-20,0.046,11860
"436",2005-10-17,0.0045,11887
"437",2005-11-01,0.047,11903
"438",2005-11-14,0.132,11916
"439",2005-12-19,0.294,11951
"440",2006-01-23,0.232,11986
"441",2006-02-21,0.261,12015
"442",2006-03-20,0.138,12042
"443",2006-04-17,NA,12069
"444",2006-05-22,0.051,12104
"445",2006-06-19,0.232,12132
"446",2006-07-17,0.041,12160
"447",2006-08-21,0.019,12195
"448",2006-09-25,0.008,12230
"449",2006-10-23,0.008,12258
"450",2006-11-27,0.111,12294
"451",2006-12-18,0.072,12315
"452",2007-01-22,0.139,12350
"453",2007-02-26,0.123,12385
"454",2007-03-26,0.067,12412
"455",2007-04-23,0.014,12440
"456",2007-05-21,0.016,12468
"457",2007-06-18,0.043,12496
"458",2007-07-23,0.029,12531
"459",2007-08-20,0.053,12559
"460",2007-09-24,0.067,12594
"461",2007-10-22,0.057,12622
"462",2007-11-26,0.293,12658
"463",2007-12-19,0.217,12681
"464",2008-01-16,0.06,12709
"465",2008-02-20,0.036,12744
"466",2008-03-19,0.036,12771
"467",2008-04-16,0.007,12799
"468",2008-05-28,NA,12841
"469",2008-06-25,0.014,12869
"470",2008-07-30,0.034,12904
"471",2008-08-28,0.083,12933
"472",2008-09-24,0.032,12960
"473",2008-10-22,0.033,12988
"474",2008-11-19,0.09,13017
"475",2008-12-17,0.121,13045
"476",2009-01-21,0.045,13080
"477",2009-02-18,0.209,13108
"478",2009-03-25,0.006,13142
"479",2009-04-22,0.006,13170
"480",2009-05-20,0.018,13198
"481",2009-06-17,0.022,13226
"482",2009-07-22,0.006,13261
"483",2009-08-26,0.008,13296
"484",2009-09-23,0.01,13324
"485",2009-10-28,0.001,13359
"486",2009-11-18,NA,13381
"487",2009-12-23,0.1135,13416
"488",2010-01-27,0.276,13451
"489",2010-02-24,0.207,13479
"490",2010-03-17,0.1005,13499
"491",2010-04-21,0.014,13534
"492",2010-05-26,0.006,13569
"493",2010-06-30,0.016,13604
"494",2010-07-28,0.021,13632
"495",2010-08-18,NA,13653
"496",2010-09-29,0.021,13695
"497",2010-10-27,0.02,13723
"498",2010-11-17,0.071,13745
"499",2010-12-13,0.006,13771
"500",2011-01-20,0.012,13809
"501",2011-02-17,NA,13837
"502",2011-03-16,NA,13863
"503",2011-04-20,NA,13898
"504",2011-05-18,NA,13926
"505",2011-06-22,NA,13961
"506",2011-07-20,0.008,13989
"507",2011-08-24,0.018,14024
"508",2011-09-21,0.009,14052
"509",2011-10-19,0.045,14080
"510",2011-11-16,NA,14109
"511",2011-12-21,0.023,14144
"512",2012-01-18,NA,14172
"513",2012-02-22,NA,14207
"514",2012-03-21,NA,14234
"515",2012-04-18,NA,14262
"516",2012-05-16,NA,14290
"517",2012-06-20,NA,14325
"518",2012-07-11,NA,14346
"519",2012-08-08,NA,14374
"520",2012-09-05,0.007,14402
"521",2012-09-20,0.053,14417
"522",2012-10-03,0.028,14430
"523",2012-10-17,0.082,14444
"524",2012-11-14,0.137,14473
"525",2012-12-05,0.171,14494
"526",2013-01-09,0.054,14529
"527",2013-02-06,NA,14557
"528",2013-03-06,NA,14585
"529",2013-04-03,NA,14612
"530",2013-05-08,NA,14647
"531",2013-06-05,NA,14675
"532",2013-07-10,0.006,14710
"533",2013-08-07,0.045,14738
"534",2014-03-17,NA,14960
"535",2014-04-07,NA,14981
"536",2014-05-05,0.006,15009
"537",2014-06-09,NA,15044
"538",2014-07-07,0.006,15072
"539",2014-07-21,0.048,15086
"540",2014-08-18,0.03,15114
"541",2014-09-08,0.024,15135
"542",2014-09-22,0.044,15149
"543",2014-10-06,0.035,15163
"544",2014-11-03,NA,15192
"545",2014-12-01,0.088,15220
"546",2015-01-05,0.047,15255
"547",2015-02-02,NA,15283
"548",2015-03-02,NA,15311
"549",2015-04-06,NA,15345
"550",2015-05-04,0.005,15373
"551",2015-06-01,0.008,15401
"552",2015-07-06,NA,15436
"553",2015-08-03,0.007,15464
"554",2015-08-31,0.013,15492
"555",2015-09-28,0.031,15520
"556",2015-10-26,0.043,15548
"557",2015-11-23,0.067,15577
"558",2015-12-21,0.081,15605
"559",2016-01-20,0.149,15635
"560",2016-02-15,0.259,15661
"561",2016-03-14,NA,15688
"562",2016-04-11,0.015,15716
"563",2016-05-09,0.01,15744
"564",2016-06-06,NA,15772
"565",2016-06-20,0.038,15786
"566",2016-07-06,0.009,15802
"567",2016-08-01,0.008,15828
"568",2016-08-15,0.008,15842
"569",2016-08-29,0.135,15856
"570",2016-09-12,0.044,15870
"571",2016-09-26,0.008,15884
"572",2016-10-24,0.106,15912
"573",2016-11-21,0.082,15941
"574",2016-12-19,0.038,15969
"575",2017-01-17,0.172,15998
"576",2017-02-13,0.011,16025
"577",2017-03-14,NA,16053
"578",2017-04-10,NA,16080
"579",2017-05-08,NA,16108
"580",2017-06-05,0.012,16136
"581",2017-06-19,NA,16150
"582",2017-07-05,NA,16166
"583",2017-07-31,0.012,16192
"584",2017-08-01,0.029,16193
"585",2017-08-28,0.009,16220
"586",2017-09-13,0.132,16236
"587",2017-09-25,0.012,16248
"588",2017-10-09,0.038,16262
"589",2017-10-23,0.149,16276
"590",2017-11-06,0.259,16291
"591",2017-11-20,0.268,16305
"592",2017-12-04,0.383,16319
"593",2017-12-18,0.352,16333
"594",2018-01-02,0.394,16348
"595",2018-01-16,0.221,16362
"596",2018-01-29,0.095,16375
"597",2018-02-12,0.106,16389
"598",2018-02-26,0.16,16403
"599",2018-03-12,0.038,16416
"600",2018-04-09,NA,16444
"601",2018-04-23,NA,16458
"602",2018-05-07,NA,16472
"603",2018-05-21,0.174,16486
"604",2018-06-04,0.038,16500
"605",2018-06-18,0.06,16514
"606",2018-07-02,0.026,16528
"607",2018-07-16,0.018,16542
"608",2018-07-30,0.016,16556
"609",2018-08-13,0.017,16570
"610",2018-08-27,0.012,16584
"611",2018-09-10,0.018,16598
"612",2018-09-24,0.026,16612
"613",2018-10-08,0.014,16626
"614",2018-10-22,0.006,16640
"615",2018-11-19,NA,16669
"616",2018-12-17,0.007,16697
"617",2019-01-14,0.005,16725
"618",2019-01-28,0.032,16739
"619",2019-02-11,NA,16753
"620",2019-02-25,NA,16767
"621",2019-03-11,NA,16780
"622",2019-04-08,NA,16808
"623",2019-05-06,0.007,16836
"624",2019-06-03,0.006,16864
"625",2019-07-01,NA,16892
"626",2019-07-15,NA,16906
"627",2019-07-29,NA,16920
"628",2019-08-12,0.056,16934
"629",2019-08-26,0.055,16948
"630",2019-09-09,0.025,16962
"631",2019-09-23,0.023,16976
"632",2019-10-21,0.044,17004
"633",2019-11-04,0.01,17019
"634",2019-11-18,NA,17033
"635",2019-12-16,NA,17061
"636",2020-01-13,0.015,17089
"637",2020-02-10,0.006,17117
"638",2020-02-24,NA,17131
"639",2020-03-09,NA,17144
"640",2020-03-23,NA,17158
"641",2020-04-06,0.009,17172
"642",2020-04-20,NA,17186
"643",2020-05-04,0.005,17200
"644",2020-06-01,NA,17228
"645",2020-06-15,0.031,17242
"646",2020-06-29,NA,17256
"647",2020-07-13,0.012,17270
"648",2020-07-27,NA,17284
"649",2020-08-10,0.092,17298
"650",2020-08-24,0.059,17312
"651",2020-09-08,0.068,17327
"652",2020-09-21,0.077,17340
"653",2020-10-05,0.143,17354
"654",2020-10-19,0.117,17368
"655",2020-11-02,0.142,17383
"656",2020-11-16,0.093,17397
"657",2020-11-30,0.34,17411
"658",2020-12-14,0.36,17425
"659",2020-12-28,0.246,17439
"660",2021-01-11,0.218,17453
"661",2021-02-08,0.118,17481
"662",2021-02-22,0.056,17495
"663",2021-03-08,0.057,17509
"664",2021-04-05,0.005,17536
"665",2021-04-19,NA,17550
"666",2021-05-03,NA,17564
"667",2021-06-01,NA,17593
"668",2021-06-28,NA,17620
"669",2021-07-12,0.151,17634
"670",2021-07-26,0.031,17648
"671",2021-08-09,0.036,17662
"672",2021-08-23,0.06,17676
"673",2021-09-07,0.204,17691
"674",2021-09-20,0.075,17704
"675",2021-10-04,0.164,17718
"676",2021-10-18,0.023,17732
"677",2021-11-01,0.13,17746
"678",2021-11-15,0.074,17761
"679",2021-11-29,0.134,17775
"680",2021-12-13,0.054,17789
"681",2021-12-27,0.098,17803
"682",2022-01-10,0.054,17817
"683",2022-01-24,0.03,17831
"684",2022-02-07,0.01,17845
"685",2022-02-21,0.038,17859
"686",2022-03-07,0.012,17873
"687",2022-03-21,0.009,17886
"688",2022-04-04,NA,17900
"689",2022-05-02,0.011,17928
"690",2022-05-31,NA,17957
"691",2022-06-13,NA,17970
"692",2022-06-27,NA,17984
"693",2022-07-25,NA,18012
"694",2022-08-22,NA,18040
"695",2022-09-19,0.005,18068
"696",2022-10-03,0.754,18082
"697",2022-10-17,0.284,18096
"698",2022-10-31,0.269,18110
"699",2022-11-14,0.31,18125
"700",2022-11-28,0.233,18139
"701",2022-12-12,0.249,18153
"702",2022-12-27,0.179,18168
"703",2023-01-09,0.168,18181
"704",2023-01-23,0.156,18195
"705",2023-02-06,0.116,18209
"706",2023-03-06,0.063,18237
"707",2023-03-20,0.009,18250
"708",2023-04-03,0.011,18264
"709",2023-05-01,0.016,18292
